{
    "0": 0.84586,
    "1": 0.13969,
    "2": 0.01271,
    "3": 0.00162,
    "4": 0.00012
}