{
    "0": 0.81864,
    "1": 0.15008,
    "2": 0.02777,
    "3": 0.00274,
    "4": 0.00078
}