{
    "accuracy": 0.75496,
    "f1": 0.26033057851239666,
    "macro_f1": 0.5567444525047627
}