{
    "vocal": 0.23419,
    "electric_guitar": 0.17435,
    "drum": 0.16246,
    "electric_bass": 0.15738,
    "keyboards": 0.106,
    "sax": 0.05114,
    "synthesizer": 0.02375,
    "backing_track": 0.02341,
    "brass": 0.01516,
    "acoustic_guitar": 0.01463,
    "trumpet": 0.0133,
    "organ": 0.01234,
    "cajon": 0.00593,
    "kantele": 0.00593
}