{
    "drum": 0.18835,
    "vocal": 0.16493,
    "electric_guitar": 0.12053,
    "electric_bass": 0.07801,
    "synthesizer": 0.07294,
    "keyboards": 0.072,
    "backing_track": 0.06488,
    "string": 0.05296,
    "acoustic_guitar": 0.03453,
    "brass": 0.03322,
    "woodwind": 0.02205,
    "acoustic_bass": 0.01407,
    "mandolin": 0.01276,
    "vibraphone": 0.01174,
    "claps": 0.01064,
    "accordion": 0.00985,
    "glockenspiel": 0.00527,
    "lute": 0.00525,
    "trumpet": 0.00507,
    "sax": 0.004,
    "banjo": 0.00296,
    "erhu": 0.00231,
    "yangqin": 0.00231,
    "dizi": 0.00189,
    "guzheng": 0.00189,
    "chimes": 0.00156,
    "shaker": 0.00142,
    "melodica": 0.00132,
    "harmonica": 0.00127
}